reseller,0.7832010188968435,1,1581975692094,1581975694852,4243.0,1485.0
reseller,0.737755858733585,1,1581975692098,1581975694875,4242.5,1475.0
reseller,0.261172869682036,1,1581975692108,1581975694852,4239.333333333333,1479.6666666666667
reseller,0.7548170047953188,2,1581975695177,1581975695188,3969.75,1897.25
reseller,0.7462101782540452,3,1581975695848,1581975695861,3674.0,2013.4
reseller,0.6007381635629405,1,1581975695165,1581975695184,3591.1666666666665,2204.1666666666665
reseller,0.2074805224392372,1,1581975694449,1581975695005,3634.5714285714284,2366.285714285714
reseller,0.1619683996981387,1,1581975695819,1581975695835,3496.0,2384.25
reseller,0.4566425856901304,1,1581975696423,1581975696431,3543.0,2553.8888888888887
reseller,0.3054387964687578,1,1581975697172,1581975697189,3505.7,2613.8
reseller,0.5079461890775384,1,1581975696034,1581975696063,3578.909090909091,2765.4545454545455
reseller,0.973018063501463,1,1581975697838,1581975697844,3489.6666666666665,2743.5
reseller,0.7183888733978725,1,1581975697436,1581975697444,3445.076923076923,2755.6923076923076
reseller,0.2679590308807973,1,1581975696762,1581975696772,3455.1428571428573,2814.285714285714
reseller,0.43996833762440146,1,1581975697767,1581975697778,3396.9333333333334,2798.0666666666666
reseller,0.46305238975724927,2,1581975697050,1581975697058,3390.8125,2828.875
reseller,0.2535249728982789,1,1581975699580,1581975699587,3354.0588235294117,2824.764705882353
reseller,0.16478977196209965,1,1581975699820,1581975699826,3308.0555555555557,2807.8333333333335
reseller,0.22660400479994258,1,1581975698945,1581975698951,3312.9473684210525,2838.7368421052633
reseller,0.4041376740471405,1,1581975699217,1581975699223,3303.75,2852.95
reseller,0.44171651294642805,2,1581975699914,1581975699920,3262.2380952380954,2832.6190476190477
reseller,0.048470308399559014,1,1581975698007,1581975698018,3311.318181818182,2900.7272727272725
reseller,0.555461356986693,1,1581975698267,1581975698273,3344.9565217391305,2951.9565217391305
reseller,0.22891950160303332,2,1581975699201,1581975699206,3336.875,2960.0416666666665
reseller,0.4242601502824901,1,1581975698419,1581975698428,3360.72,2998.6
reseller,0.27675482584463273,3,1581975701963,1581975701973,3323.230769230769,2974.653846153846
reseller,0.47120809358595933,2,1581975701641,1581975701646,3300.4444444444443,2964.5925925925926
reseller,0.7078030354562975,1,1581975700944,1581975700951,3304.3571428571427,2980.25
reseller,0.8256048716937759,1,1581975701628,1581975701634,3284.4137931034484,2971.2758620689656
reseller,0.4416292934708639,1,1581975700282,1581975700287,3310.6666666666665,3007.8
reseller,0.6452175183297326,1,1581975701043,1581975701049,3310.7096774193546,3017.4193548387098
reseller,0.27792809580995026,1,1581975703535,1581975703539,3295.3125,3011.0625
reseller,0.448641591903421,1,1581975703731,1581975703737,3274.909090909091,2999.090909090909
reseller,0.6426019364890405,1,1581975702733,1581975702738,3285.0588235294117,3017.205882352941
reseller,0.8227433745794879,1,1581975702434,1581975702441,3303.2,3042.8
reseller,0.7588964225155548,1,1581975702260,1581975702267,3325.1944444444443,3071.8333333333335
reseller,0.9498415781001979,1,1581975703208,1581975703222,3320.3783783783783,3073.4864864864867
reseller,0.4890129971907169,1,1581975703435,1581975703445,3309.8947368421054,3069.2368421052633
reseller,0.009998592645784288,1,1581975702854,1581975702864,3314.846153846154,3080.102564102564
reseller,0.3502663142396002,1,1581975704589,1581975704594,3326.15,3097.15
reseller,0.8504108937336706,1,1581975705237,1581975705241,3321.0975609756097,3097.5853658536585
reseller,0.5063813516605159,1,1581975704465,1581975704472,3334.6666666666665,3116.309523809524
reseller,0.20632229412702974,1,1581975705184,1581975705189,3330.8837209302324,3117.4883720930234
reseller,0.8576588654731534,1,1581975704055,1581975704061,3352.9772727272725,3144.2954545454545
reseller,0.8827334605167867,1,1581975705827,1581975705835,3334.711111111111,3130.488888888889
reseller,0.039407756029438246,1,1581975705351,1581975705355,3327.608695652174,3127.7391304347825
reseller,0.23110028858021026,1,1581975704130,1581975704135,3346.808510638298,3151.0851063829787
reseller,0.8513540217115015,1,1581975704757,1581975704762,3352.1458333333335,3160.3958333333335
reseller,0.08510304616590292,1,1581975705729,1581975705734,3337.4285714285716,3149.4897959183672
reseller,0.7454829650045158,1,1581975706449,1581975706454,3348.88,3164.6
reseller,0.7540823149570062,1,1581975707092,1581975707097,3347.274509803922,3166.5098039215686
reseller,0.3357577849987376,2,1581975707513,1581975707518,3337.6346153846152,3160.25
reseller,0.35975307291705105,1,1581975707812,1581975707818,3322.7169811320755,3148.566037735849
reseller,0.9175691959202597,1,1581975706496,1581975706501,3332.722222222222,3161.703703703704
reseller,0.9484197319825087,1,1581975707110,1581975707115,3331.2545454545457,3163.2545454545457
reseller,0.4257374030721217,1,1581975706752,1581975706756,3336.2321428571427,3171.160714285714
reseller,0.6511988718568579,1,1581975707552,1581975707561,3327.0175438596493,3164.684210526316
reseller,0.5319784865264134,1,1581975708786,1581975708792,3327.844827586207,3168.206896551724
reseller,0.402065168652303,1,1581975709485,1581975709489,3316.7966101694915,3159.7966101694915
reseller,0.19628590664305645,1,1581975709642,1581975709647,3303.5666666666666,3149.1
reseller,0.434801375779168,1,1581975709059,1581975709064,3300.3278688524592,3148.311475409836
reseller,0.04106710467875696,1,1581975709301,1581975709305,3293.2903225806454,3143.6612903225805
reseller,0.5935800546835807,1,1581975708505,1581975708511,3299.1111111111113,3151.7619047619046
reseller,0.6611788630964346,1,1581975708243,1581975708249,3308.84375,3163.703125
reseller,0.2481144825019227,1,1581975708220,1581975708225,3318.630769230769,3175.646153846154
reseller,0.2830652111460012,2,1581975710856,1581975710859,3318.4545454545455,3177.590909090909
reseller,0.15310367551422915,2,1581975710659,1581975710664,3321.223880597015,3182.3880597014927
reseller,0.549972981184319,1,1581975711620,1581975711625,3309.8382352941176,3172.970588235294
reseller,0.6292815126250116,1,1581975711939,1581975711943,3294.1739130434785,3159.231884057971
reseller,0.39177368312929783,3,1581975711447,1581975711452,3285.9857142857145,3152.9
reseller,0.28604443972812676,1,1581975711389,1581975711394,3278.845070422535,3147.56338028169
reseller,0.9358892079488712,1,1581975713491,1581975713496,3270.4583333333335,3140.9305555555557
reseller,0.528428373036614,1,1581975713963,1581975713967,3255.8356164383563,3128.027397260274
reseller,0.5206858917269461,2,1581975713314,1581975713318,3250.3783783783783,3124.2432432432433
reseller,0.5615790979513017,1,1581975712216,1581975712222,3259.7733333333335,3135.24
reseller,0.3541158732559284,1,1581975712907,1581975712912,3259.8289473684213,3136.868421052631
reseller,0.8429059870947124,1,1581975712658,1581975712664,3263.1168831168834,3141.675324675324
reseller,0.06886454296037503,1,1581975713385,1581975713388,3257.0000000000005,3137.076923076923
reseller,0.7543630036586653,1,1581975712072,1581975712077,3267.6582278481014,3149.189873417721
reseller,0.20190954335565026,1,1581975714854,1581975714857,3268.2375,3151.2124999999996
reseller,0.8262716584533759,1,1581975714151,1581975714155,3277.4938271604938,3161.8641975308637
reseller,0.38840754330257476,1,1581975714574,1581975714578,3281.3658536585367,3167.097560975609
reseller,0.5634852262492915,1,1581975715299,1581975715302,3276.409638554217,3163.4819277108427
reseller,0.7941937985315788,2,1581975715416,1581975715420,3270.2380952380954,3158.607142857142
reseller,0.019834547658658663,1,1581975714213,1581975714217,3278.3764705882354,3168.011764705882
reseller,0.5361488776441422,1,1581975715454,1581975715458,3271.8953488372094,3162.7674418604643
reseller,0.8213732838001523,1,1581975716698,1581975716703,3275.3563218390805,3167.425287356321
reseller,0.10336091240423106,1,1581975717471,1581975717475,3269.965909090909,3163.2159090909086
reseller,0.02506438461012017,1,1581975716085,1581975716089,3280.2696629213483,3174.67415730337
reseller,0.06758434494180943,1,1581975717664,1581975717668,3272.8,3168.3333333333326
reseller,0.7108339193764084,2,1581975717357,1581975717362,3268.868131868132,3165.4945054945047
reseller,0.12751965563273182,1,1581975717948,1581975717952,3258.6521739130435,3156.358695652173
reseller,0.2617257147414017,1,1581975716079,1581975716084,3268.7526881720432,3167.5053763440856
reseller,0.019896159991804385,1,1581975716800,1581975716803,3270.968085106383,3170.765957446808
reseller,0.8492580578300752,1,1581975716165,1581975716170,3279.8947368421054,3180.6947368421047
reseller,0.6313084614815871,1,1581975719179,1581975719184,3277.0729166666665,3178.854166666666
reseller,0.8196833566446113,1,1581975718251,1581975718257,3283.8762886597938,3186.6082474226796
reseller,0.14316488828160967,1,1581975718860,1581975718866,3284.326530612245,3187.989795918367
reseller,0.005950168504912701,1,1581975719618,1581975719623,3277.979797979798,3182.565656565656
reseller,0.5585816006127847,1,1581975718501,1581975718505,3282.94,3188.4399999999996
reseller,0.22407359398351956,1,1581975718924,1581975718929,3283.6138613861385,3189.9999999999995
reseller,0.3135754197938363,1,1581975719563,1581975719568,3278.0588235294117,3185.3137254901953
reseller,0.25373898370020387,1,1581975718323,1581975718327,3284.650485436893,3192.7669902912617
reseller,0.31641207184897324,1,1581975719871,1581975719877,3276.230769230769,3185.173076923076
reseller,0.1284791940646548,1,1581975720960,1581975720963,3275.8,3185.5809523809517
reseller,0.4106943885954465,1,1581975721043,1581975721046,3274.5943396226417,3185.1981132075466
reseller,0.8189367613761585,1,1581975721583,1581975721586,3269.1682242990655,3180.5794392523358
reseller,0.47835751167935714,1,1581975721862,1581975721867,3261.259259259259,3173.444444444444
reseller,0.08512020303014023,1,1581975721640,1581975721644,3255.532110091743,3168.4862385321094
reseller,0.27339618100189067,1,1581975720543,1581975720546,3259.9363636363637,3173.654545454545
reseller,0.6394896262842548,1,1581975720145,1581975720150,3267.846846846847,3182.2972972972966
reseller,0.4078507403670246,1,1581975720298,1581975720303,3274.25,3189.419642857142
reseller,0.10642866848878119,1,1581975720786,1581975720789,3276.221238938053,3192.115044247787
reseller,0.5953157240374207,1,1581975722826,1581975722830,3277.7719298245615,3194.368421052631
reseller,0.7771748787348719,1,1581975722645,1581975722649,3280.878260869565,3198.165217391304
reseller,0.9399447311999217,1,1581975723950,1581975723955,3272.6810344827586,3190.6379310344823
reseller,0.28886475875680273,1,1581975723516,1581975723522,3268.3846153846152,3186.9914529914527
reseller,0.12674036760837137,1,1581975722956,1581975722960,3268.906779661017,3188.1694915254234
reseller,0.8696399428376729,1,1581975722092,1581975722096,3276.6890756302523,3196.596638655462
reseller,0.5227484031818808,2,1581975723580,1581975723584,3271.9416666666666,3192.4833333333327
reseller,0.16285854954152157,1,1581975723385,1581975723389,3268.9421487603304,3190.1074380165282
reseller,0.45088395885864163,1,1581975725367,1581975725371,3266.0491803278687,3187.8278688524583
reseller,0.08425791181472075,2,1581975725280,1581975725284,3263.910569105691,3186.292682926829
reseller,0.5205834031129405,1,1581975725505,1581975725509,3259.9919354838707,3182.9677419354834
reseller,0.8396137369663947,1,1581975724273,1581975724277,3266.04,3189.5999999999995
reseller,0.21363822457322923,1,1581975724830,1581975724834,3267.5714285714284,3191.706349206349
reseller,0.21096254529984615,1,1581975725990,1581975725994,3259.9448818897636,3184.645669291338
reseller,0.9392534614387552,1,1581975724682,1581975724687,3262.6640625,3187.9140624999995
reseller,0.37161973639282475,1,1581975724484,1581975724489,3266.9302325581393,3192.7209302325577
reseller,0.4582919543060723,1,1581975726007,1581975726012,3274.7076923076925,3201.030769230769
reseller,0.31238663127872257,1,1581975727953,1581975727957,3267.5114503816794,3194.36641221374
reseller,0.07425061884334527,1,1581975727435,1581975727438,3264.348484848485,3191.734848484848
reseller,0.9479431227045914,1,1581975726676,1581975726680,3267.0,3194.9022556390973
reseller,0.2764191358506978,1,1581975727393,1581975727397,3264.2611940298507,3192.6716417910443
reseller,0.13926025529989416,1,1581975726631,1581975726634,3267.2074074074076,3196.1259259259255
reseller,0.6723208994213095,1,1581975727363,1581975727367,3264.7279411764707,3194.1397058823527
reseller,0.5246473111282474,1,1581975727978,1581975727982,3257.8467153284673,3187.744525547445
reseller,0.11038888759523957,1,1581975726098,1581975726102,3264.6884057971015,3195.065217391304
reseller,0.6434727094242193,1,1581975726610,1581975726614,3267.748201438849,3198.597122302158
reseller,0.6368582115915331,2,1581975729183,1581975729187,3266.5857142857144,3197.8999999999996
reseller,0.14913435129717645,1,1581975729949,1581975729953,3260.0070921985816,3191.7801418439713
reseller,0.7778432481907592,1,1581975729245,1581975729249,3258.478873239437,3190.704225352112
reseller,0.39214291093416065,1,1581975729803,1581975729807,3253.125874125874,3185.7972027972023
reseller,0.12217330112952218,2,1581975729503,1581975729506,3249.930555555555,3183.048611111111
reseller,0.12071602780360591,1,1581975728799,1581975728802,3251.6344827586204,3185.1931034482755
reseller,0.5752399177539563,1,1581975728666,1581975728670,3254.2739726027394,3188.260273972602
reseller,0.2762517058873166,1,1581975731257,1581975731262,3252.829931972789,3187.231292517006
reseller,0.16036357840702342,1,1581975731876,1581975731879,3247.222972972973,3182.0472972972966
reseller,0.35530089696200984,2,1581975730763,1581975730767,3249.1610738255035,3184.395973154362
reseller,0.4005483466233575,1,1581975731628,1581975731632,3245.306666666667,3180.9466666666663
reseller,0.33995443747606047,1,1581975730625,1581975730629,3248.198675496689,3184.238410596026
reseller,0.9820466993465486,1,1581975730468,1581975730472,3252.0855263157896,3188.519736842105
reseller,0.1038218571977002,1,1581975731407,1581975731411,3250.326797385621,3187.1503267973853
reseller,0.4692148353568645,1,1581975733774,1581975733778,3245.0324675324673,3182.2402597402593
reseller,0.49894896081860995,1,1581975732316,1581975732320,3249.2193548387095,3186.806451612903
reseller,0.17456406167583072,1,1581975733944,1581975733948,3242.9166666666665,3180.8782051282046
reseller,0.9411232204834559,1,1581975733729,1581975733733,3238.605095541401,3176.9363057324836
reseller,0.3362093278704117,1,1581975732101,1581975732105,3244.6518987341774,3183.3481012658226
reseller,0.707065660337363,2,1581975733258,1581975733263,3243.3459119496856,3182.396226415094
reseller,0.4876380090047794,1,1581975733186,1581975733190,3242.54375,3181.95
reseller,0.12760352268404196,1,1581975732962,1581975732966,3243.1428571428573,3182.9006211180126
reseller,0.32333368118796024,1,1581975735686,1581975735690,3239.2901234567903,3179.3950617283954
reseller,0.05060833781305385,1,1581975734366,1581975734370,3243.5828220858893,3184.030674846626
reseller,0.022654918525811696,1,1581975735097,1581975735101,3243.3658536585367,3184.152439024391
reseller,0.7809961807056948,1,1581975735362,1581975735367,3241.5454545454545,3182.660606060607
reseller,0.6526606492065063,2,1581975734874,1581975734878,3242.6867469879517,3184.1325301204824
reseller,0.585283302444394,1,1581975734664,1581975734667,3245.62874251497,3187.4071856287433
reseller,0.3004771667042846,1,1581975735397,1581975735402,3244.1726190476193,3186.267857142858
reseller,0.6994761405705925,1,1581975736830,1581975736834,3246.1065088757396,3188.5207100591724
reseller,0.7239438040137642,1,1581975736102,1581975736106,3252.3058823529414,3195.035294117648
reseller,0.5723227687616986,1,1581975737655,1581975737658,3249.3508771929824,3192.397660818714
reseller,0.8589895955974477,1,1581975736081,1581975736086,3255.610465116279,3198.959302325582
reseller,0.47451771252901376,1,1581975737036,1581975737040,3256.277456647399,3199.930635838151
reseller,0.3442706013900739,1,1581975737907,1581975737911,3251.9367816091954,3195.890804597702
reseller,0.9396458018299981,1,1581975736252,1581975736256,3257.1428571428573,3201.3942857142865
reseller,0.25415931933971764,2,1581975737325,1581975737329,3256.193181818182,3200.738636363637
reseller,0.5536004471517386,1,1581975737451,1581975737454,3254.5423728813557,3199.384180790961
reseller,0.2692594844408039,2,1581975739361,1581975739365,3252.2303370786517,3197.359550561798
reseller,0.986928637379538,1,1581975738749,1581975738753,3253.36312849162,3198.7765363128497
reseller,0.46736860619319176,1,1581975738254,1581975738257,3257.266666666667,3202.966666666667
reseller,0.5237939194607286,2,1581975739749,1581975739753,3252.8674033149173,3198.845303867404
reseller,0.5780564414891697,2,1581975739523,1581975739529,3249.796703296703,3196.0384615384623
reseller,0.25717592666390215,2,1581975741089,1581975741092,3250.1803278688526,3196.6994535519134
reseller,0.3156282053736583,2,1581975741763,1581975741767,3246.896739130435,3193.6847826086964
reseller,0.7039979147940169,2,1581975740909,1581975740912,3248.2648648648646,3195.324324324325
reseller,0.7924204620991032,1,1581975741141,1581975741145,3248.3924731182797,3195.7150537634416
reseller,0.7466241045227551,1,1581975740143,1581975740146,3253.860962566845,3201.449197860963
reseller,0.6608881317043152,1,1581975741385,1581975741392,3252.6648936170213,3200.4946808510645
reseller,0.6603327215675094,1,1581975741481,1581975741484,3251.010582010582,3199.10052910053
reseller,0.24339843693946162,1,1581975743322,1581975743326,3249.1105263157897,3197.452631578948
reseller,0.5363125236716159,1,1581975742092,1581975742095,3253.670157068063,3202.267015706807
reseller,0.22828356946799722,1,1581975743056,1581975743060,3253.1614583333335,3202.005208333334
reseller,0.7033165429753004,1,1581975743625,1581975743629,3249.7098445595857,3198.7979274611407
reseller,0.6650435345901815,1,1581975742141,1581975742144,3253.963917525773,3203.2989690721656
reseller,0.3278336912291685,1,1581975742416,1581975742420,3256.8051282051283,3206.3794871794876
reseller,0.6353694971059756,1,1581975742722,1581975742727,3258.0561224489797,3207.86224489796
reseller,0.40953976116991686,2,1581975743431,1581975743435,3255.695431472081,3205.7360406091375
reseller,0.2868356445966853,1,1581975745503,1581975745507,3252.419191919192,3202.6919191919196
reseller,0.3271071622338215,1,1581975745409,1581975745413,3249.64824120603,3200.150753768845
reseller,0.1677647553450241,1,1581975744193,1581975744197,3252.99,3203.7200000000007
reseller,0.3551702773070555,1,1581975744680,1581975744683,3253.8756218905473,3204.835820895523
reseller,0.49612052587500577,2,1581975745710,1581975745713,3249.6782178217823,3200.866336633664
reseller,0.41788649549376783,2,1581975744847,1581975744849,3249.7733990147785,3201.1921182266015
reseller,0.10262283925634563,1,1581975744117,1581975744121,3253.450980392157,3205.088235294118
reseller,0.8658066764479251,1,1581975746208,1581975746211,3257.151219512195,3209.0097560975614
reseller,0.46401495137330107,1,1581975747537,1581975747541,3254.364077669903,3206.436893203884
reseller,0.12441195030981544,1,1581975747839,1581975747841,3250.144927536232,3202.4396135265706
reseller,0.6849588215395093,1,1581975746517,1581975746521,3252.3221153846152,3204.826923076924
reseller,0.739400998513945,1,1581975747623,1581975747625,3249.2057416267944,3201.928229665072
reseller,0.4910802898220943,1,1581975746380,1581975746383,3252.038095238095,3204.971428571429
reseller,0.8099470303349501,1,1581975747190,1581975747194,3251.004739336493,3204.1421800947874
reseller,0.3074018362169546,1,1581975746053,1581975746056,3255.3490566037735,3208.6933962264156
reseller,0.02966691215643047,1,1581975747071,1581975747075,3254.892018779343,3208.4366197183103
reseller,0.764487949163498,1,1581975746840,1581975746843,3255.5186915887853,3209.2663551401874
reseller,0.4628547489150765,1,1581975749167,1581975749170,3254.6046511627906,3208.5534883720934
reseller,0.1459248995528455,1,1581975748910,1581975748913,3254.8888888888887,3209.0370370370374
reseller,0.04384622623030343,1,1581975748042,1581975748046,3259.1705069124423,3213.511520737328
reseller,0.1026970299133555,1,1581975748358,1581975748361,3261.9633027522937,3216.5000000000005
reseller,0.3540286235938037,1,1581975748663,1581975748667,3263.3424657534247,3218.0684931506853
reseller,0.9786152391132614,1,1581975749606,1581975749610,3260.422727272727,3215.3363636363642
reseller,0.6918441289694979,1,1581975749651,1581975749655,3257.3257918552035,3212.4253393665163
reseller,0.8589223062003712,1,1581975748685,1581975748688,3258.608108108108,3213.896396396397
reseller,0.5411514961707194,1,1581975749191,1581975749195,3257.6322869955156,3213.1031390134535
reseller,0.11276149587273954,1,1581975748221,1581975748224,3260.995535714286,3216.6517857142862
reseller,0.018298933502051584,1,1581975750607,1581975750611,3262.6044444444447,3218.4400000000005
reseller,0.32335947873655235,1,1581975751910,1581975751914,3258.433628318584,3214.4469026548677
reseller,0.21722537027443273,2,1581975751770,1581975751775,3254.9162995594716,3211.1013215859034
reseller,0.8231279722499255,1,1581975751208,1581975751213,3253.8947368421054,3210.2500000000005
reseller,0.3758587472913256,1,1581975750053,1581975750057,3257.956331877729,3214.4847161572056
reseller,0.9574474281577932,1,1581975750905,1581975750908,3258.6739130434785,3215.3782608695656
reseller,0.7921124810861259,2,1581975751187,1581975751191,3258.164502164502,3215.0389610389616
reseller,0.3844474787487684,1,1581975753860,1581975753863,3254.3793103448274,3211.4267241379316
reseller,0.039528564671593824,1,1581975752461,1581975752465,3256.6351931330473,3213.849785407726
reseller,0.3532518611553682,1,1581975753107,1581975753111,3256.1111111111113,3213.4914529914536
reseller,0.4318192155463634,1,1581975752963,1581975752967,3256.204255319149,3213.7489361702133
reseller,0.31190019106186107,1,1581975753666,1581975753669,3253.7033898305085,3211.4152542372885
reseller,0.8551910656953083,1,1581975753558,1581975753562,3251.6793248945146,3209.5527426160343
reseller,0.7657848146740015,1,1581975752410,1581975752414,3254.4957983193276,3212.5294117647063
reseller,0.6056462867265481,1,1581975752106,1581975752110,3258.5648535564856,3216.7573221757325
reseller,0.6638290815267749,1,1581975752969,1581975752972,3259.0041666666666,3217.358333333334
reseller,0.06014025307215687,1,1581975755776,1581975755780,3255.7178423236514,3214.2282157676354
reseller,0.1283488947019621,1,1581975755052,1581975755055,3255.4504132231405,3214.1198347107443
reseller,0.2217281628985086,1,1581975754377,1581975754381,3258.341563786008,3217.164609053498
reseller,0.95103799882749,1,1581975755704,1581975755707,3255.7704918032787,3214.7500000000005
reseller,0.5325376510970266,2,1581975755847,1581975755850,3252.6367346938778,3211.771428571429
reseller,0.6026315718074514,1,1581975754627,1581975754634,3254.487804878049,3213.7601626016267
reseller,0.6774473754826541,1,1581975754879,1581975754882,3255.3036437246965,3214.7287449392716
reseller,0.91656071158842,1,1581975755127,1581975755131,3255.1129032258063,3214.6854838709683
reseller,0.5284332541553379,1,1581975754500,1581975754504,3257.4417670682733,3217.1606425702817
reseller,0.050813657118043754,1,1581975757802,1581975757805,3254.556,3214.4240000000004
reseller,0.4085456892674686,1,1581975757052,1581975757055,3254.6812749003984,3214.697211155379
reseller,0.1817171799117987,1,1581975756370,1581975756373,3257.5119047619046,3217.674603174604
reseller,0.07158843073129895,1,1581975757066,1581975757069,3257.5691699604745,3217.8774703557315
reseller,0.3582971504049185,1,1581975756498,1581975756500,3259.8622047244094,3220.3188976377955
reseller,0.36368110196950276,1,1581975757114,1581975757117,3259.721568627451,3220.3215686274516
reseller,0.9411423769229423,1,1581975756457,1581975756460,3262.15234375,3222.8945312500005
reseller,0.5414864917875418,1,1581975757691,1581975757694,3259.7626459143967,3220.6459143968877
reseller,0.8947431165558425,1,1581975757603,1581975757607,3257.732558139535,3218.7519379844966
reseller,0.5016752923489193,2,1581975759534,1581975759537,3255.992277992278,3217.1505791505797
reseller,0.006182323223444475,1,1581975759041,1581975759044,3256.1615384615384,3217.457692307693
reseller,0.7547196823205679,1,1581975759526,1581975759530,3254.4712643678163,3215.900383141763
reseller,0.9370112487725863,1,1581975758311,1581975758315,3257.4312977099235,3218.9923664122143
reseller,0.8081313051968856,1,1581975758692,1581975758696,3258.9201520912547,3220.612167300381
reseller,0.45237687485251354,1,1581975759706,1581975759710,3256.556818181818,3218.3787878787884
reseller,0.22861865654424685,1,1581975758566,1581975758569,3258.5396226415096,3220.4943396226417
reseller,0.7150879095291895,1,1581975759038,1581975759041,3258.7330827067667,3220.819548872181
reseller,0.7869497917832677,1,1581975761700,1581975761702,3256.4269662921347,3218.6479400749067
reseller,0.7534204523915565,1,1581975760845,1581975760849,3257.3283582089553,3219.6753731343288
reseller,0.41584970700586565,1,1581975761278,1581975761280,3256.613382899628,3219.0929368029742
reseller,0.7849009285695605,1,1581975760160,1581975760164,3260.0444444444443,3222.6481481481487
reseller,0.9181490397085675,1,1581975761424,1581975761427,3258.7859778597785,3221.516605166052
reseller,0.24273338183750492,1,1581975760224,1581975760227,3261.952205882353,3224.808823529412
reseller,0.9697862014003978,1,1581975760247,1581975760251,3265.010989010989,3227.9890109890116
reseller,0.9796331600187563,1,1581975760908,1581975760911,3265.6605839416056,3228.762773722628
reseller,0.007994145965019683,1,1581975760659,1581975760663,3267.210909090909,3230.432727272728
reseller,0.1337827826296224,1,1581975763927,1581975763931,3264.1340579710145,3227.47463768116
reseller,0.7837169523789417,1,1581975762009,1581975762011,3268.0072202166066,3231.472924187726
reseller,0.0485942618537204,1,1581975763581,1581975763585,3266.1978417266187,3229.780575539569
reseller,0.3504679631866039,1,1581975762806,1581975762809,3267.1863799283155,3230.888888888889
reseller,0.46108737818785395,1,1581975763449,1581975763453,3265.8714285714286,3229.689285714286
reseller,0.4501229650634292,1,1581975762658,1581975762660,3267.3807829181496,3231.320284697509
reseller,0.15815308465807532,1,1581975763502,1581975763506,3265.904255319149,3229.957446808511
reseller,0.9264746075822012,1,1581975762074,1581975762078,3269.4840989399295,3233.650176678446
reseller,0.3319475909229319,1,1581975762643,1581975762646,3271.038732394366,3235.320422535212
reseller,0.37362142744683957,1,1581975764779,1581975764782,3272.091228070175,3236.4877192982462
reseller,0.8557318954588584,1,1581975765984,1581975765987,3268.9230769230767,3233.433566433567
reseller,0.6160306817646557,1,1581975764169,1581975764173,3272.101045296167,3236.7212543554015
reseller,0.9231985024971876,1,1581975765345,1581975765348,3271.173611111111,3235.906250000001
reseller,0.910583430034423,1,1581975764352,1581975764355,3273.692041522491,3238.5363321799314
reseller,0.6389964569652283,2,1581975765633,1581975765636,3271.775862068965,3236.7310344827592
reseller,0.14364556656054495,1,1581975764237,1581975764240,3274.6872852233673,3239.7525773195885
reseller,0.42236784555344803,2,1581975765650,1581975765653,3272.739726027397,3237.9143835616446
reseller,0.5866111555677391,2,1581975767819,1581975767822,3270.215017064846,3235.4982935153594
reseller,0.44811145935764896,1,1581975767348,1581975767352,3269.3095238095234,3234.6972789115657
reseller,0.704043926351234,1,1581975766652,1581975766655,3270.7694915254233,3236.2644067796623
reseller,0.7431129643699159,2,1581975767030,1581975767033,3270.949324324324,3236.5506756756768
reseller,0.9724921281706971,1,1581975767159,1581975767163,3270.6936026936028,3236.3973063973076
reseller,0.186358686620817,1,1581975767676,1581975767680,3268.721476510067,3234.526845637585
reseller,0.6592302584020245,1,1581975769756,1581975769760,3266.4816053511704,3232.387959866222
reseller,0.8292385017150274,2,1581975769467,1581975769471,3265.22,3231.226666666668
reseller,0.9466393117582959,1,1581975768265,1581975768268,3267.960132890365,3234.0697674418616
reseller,0.11866451348548646,1,1581975769038,1581975769042,3268.122516556291,3234.331125827816
reseller,0.5009648868295393,1,1581975768465,1581975768468,3270.181518151815,3236.491749174919
reseller,0.34071703523650365,1,1581975769488,1581975769492,3268.8618421052633,3235.2697368421063
reseller,0.7227546440766627,1,1581975768979,1581975768982,3269.2360655737707,3235.744262295083
reseller,0.2445389260014954,1,1581975768798,1581975768801,3270.1993464052293,3236.8071895424846
reseller,0.0977813429122224,1,1581975770991,1581975770994,3270.208469055375,3236.915309446255
reseller,0.5368745873551303,1,1581975770199,1581975770203,3273.0941558441564,3239.8961038961047
reseller,0.017702649174640372,1,1581975770127,1581975770131,3276.194174757282,3243.090614886732
reseller,0.04471554889065832,1,1581975771490,1581975771493,3274.8838709677425,3241.8774193548393
reseller,0.6870027029386511,1,1581975771673,1581975771676,3272.9935691318333,3240.0836012861746
reseller,0.5952936452576695,1,1581975770463,1581975770467,3274.9935897435903,3242.176282051283
reseller,0.3375098722661489,1,1581975771417,1581975771421,3273.9456869009587,3241.220447284346
reseller,0.8829812331744065,1,1581975770695,1581975770698,3275.2038216560513,3242.573248407644
reseller,0.2555376127826151,1,1581975773622,1581975773625,3273.5015873015877,3240.96507936508
reseller,0.7958379672821511,1,1581975772249,1581975772253,3276.1550632911394,3243.708860759494
reseller,0.07810475411699613,1,1581975772156,1581975772160,3279.085173501577,3246.728706624606
reseller,0.6209005319132916,1,1581975772839,1581975772841,3279.8490566037735,3247.5880503144654
reseller,0.7338440959160921,1,1581975773432,1581975773435,3278.7492163009406,3246.5799373040754
reseller,0.6910483709078199,1,1581975772454,1581975772458,3280.71875,3248.6375000000003
reseller,0.2575230908424734,1,1581975773159,1581975773161,3280.479750778816,3248.4922118380064
reseller,0.3503594319300173,1,1581975772984,1581975772987,3280.7981366459626,3248.9006211180126
reseller,0.7944325683154327,1,1581975773966,1581975773969,3278.0743034055727,3246.266253869969
reseller,0.9992108083747236,1,1581975774561,1581975774564,3278.925925925926,3247.206790123457
reseller,0.5188693166568623,1,1581975774661,1581975774665,3279.464615384615,3247.8307692307694
reseller,0.3782638435085208,1,1581975775530,1581975775534,3277.334355828221,3245.7852760736196
reseller,0.14376589403772289,1,1581975775042,1581975775045,3276.7094801223243,3245.2477064220184
reseller,0.13551865103315675,1,1581975774023,1581975774027,3279.1951219512193,3247.817073170732
reseller,0.765668573959375,1,1581975775203,1581975775206,3278.079027355623,3246.7872340425533
reseller,0.02106640635822088,1,1581975775671,1581975775674,3275.551515151515,3244.3454545454547
reseller,0.765050053337613,1,1581975775602,1581975775604,3273.2477341389726,3242.129909365559
reseller,0.9567234931814516,1,1581975774279,1581975774283,3274.9427710843374,3243.906626506024
reseller,0.12604446608396536,1,1581975777713,1581975777717,3272.4744744744744,3241.5195195195197
reseller,0.5223882959633945,1,1581975777229,1581975777233,3271.4700598802397,3240.5958083832334
reseller,0.5404112145922576,1,1581975777881,1581975777885,3268.525373134328,3237.731343283582
reseller,0.8293008840616372,1,1581975777054,1581975777058,3268.065476190476,3237.3511904761904
reseller,0.7030633669568632,1,1581975776212,1581975776215,3270.106824925816,3239.474777448071
reseller,0.9903151954550999,1,1581975776532,1581975776535,3271.2100591715975,3240.6597633136093
reseller,0.8259586830811213,1,1581975777388,1581975777390,3270.0501474926255,3239.5840707964603
reseller,0.0686465228216524,1,1581975776356,1581975776360,3271.935294117647,3241.5470588235294
reseller,0.11834157421947455,1,1581975776744,1581975776747,3272.6715542521993,3242.3636363636365
reseller,0.4483535757318332,1,1581975779639,1581975779643,3270.5058479532163,3240.2748538011697
reseller,0.3846672979610676,1,1581975779023,1581975779026,3270.1486880466473,3239.997084548105
reseller,0.10789629132775769,1,1581975779735,1581975779738,3267.7412790697676,3237.6686046511627
reseller,0.2809548897576656,1,1581975778398,1581975778401,3269.223188405797,3239.2289855072463
reseller,0.24487526897478806,1,1581975778587,1581975778590,3270.416184971098,3240.5
reseller,0.9096341107688696,1,1581975779242,1581975779245,3269.71469740634,3239.8760806916425
reseller,0.5681591845970034,1,1581975778043,1581975778046,3272.462643678161,3242.7011494252874
reseller,0.6777237594736033,1,1581975779386,1581975779390,3271.34670487106,3241.6590257879657
reseller,0.5829513567673273,1,1581975778609,1581975778612,3272.457142857143,3242.845714285714
reseller,0.14799791406747953,1,1581975781447,1581975781451,3271.1823361823363,3241.643874643875
reseller,0.2916186171768338,2,1581975781727,1581975781731,3269.119318181818,3239.653409090909
reseller,0.18079468089100037,1,1581975781027,1581975781030,3269.053824362606,3239.6628895184135
reseller,0.4573388501581095,1,1581975780697,1581975780700,3269.923728813559,3240.607344632768
reseller,0.9735048915844033,1,1581975780015,1581975780018,3272.7098591549297,3243.467605633803
reseller,0.9314728461194345,1,1581975780396,1581975780400,3274.4129213483147,3245.241573033708
reseller,0.6302776770128423,1,1581975781602,1581975781606,3272.728291316527,3243.627450980392
reseller,0.3408533316462399,1,1581975780929,1581975780933,3272.9469273743016,3243.9162011173185
reseller,0.4250066756755201,1,1581975782381,1581975782385,3274.426183844011,3245.465181058496
reseller,0.7836867643706523,2,1581975782706,1581975782709,3274.9944444444445,3246.1055555555554
reseller,0.5440831614844699,1,1581975783203,1581975783207,3274.437673130194,3245.617728531856
reseller,0.007092606647124966,1,1581975782911,1581975782914,3274.6906077348067,3245.941988950276
reseller,0.2767002031417198,2,1581975783726,1581975783730,3272.6969696969695,3244.0165289256197
reseller,0.7870071119553995,1,1581975783870,1581975783874,3270.3186813186812,3241.706043956044
reseller,0.06767676056793359,1,1581975782230,1581975782235,3272.4465753424656,3243.8986301369864
reseller,0.26543711720699315,1,1581975783538,1581975783541,3270.9890710382515,3242.5109289617485
reseller,0.4968732910675858,2,1581975785952,1581975785956,3268.1689373297004,3239.757493188011
reseller,0.5993443130021067,1,1581975785529,1581975785532,3266.5135869565215,3238.171195652174
reseller,0.8380866190166196,1,1581975784300,1581975784303,3268.20054200542,3239.9268292682927
reseller,0.6501721941596972,1,1581975784393,1581975784397,3269.8702702702703,3241.662162162162
reseller,0.13655236677148663,1,1581975784856,1581975784862,3270.2830188679245,3242.1347708894878
reseller,0.21649294053521784,1,1581975785931,1581975785935,3267.80376344086,3239.7204301075267
reseller,0.08825196553437886,2,1581975785335,1581975785338,3266.935656836461,3238.9195710455765
reseller,0.22910823481183484,1,1581975784685,1581975784690,3267.8101604278077,3239.855614973262
reseller,0.28140941422068166,1,1581975786650,1581975786653,3268.541333333333,3240.653333333333
reseller,0.4407425469282824,1,1581975787456,1581975787459,3267.125,3239.303191489362
reseller,0.8105916652074042,1,1581975787727,1581975787730,3265.236074270557,3237.4801061007956
reseller,0.15190697549126997,1,1581975786774,1581975786777,3265.878306878307,3238.1878306878307
reseller,0.8956815210278812,1,1581975786334,1581975786337,3267.6781002638522,3240.052770448549
reseller,0.538391142915838,1,1581975786806,1581975786813,3268.2263157894736,3240.6552631578948
reseller,0.3856661425867829,1,1581975787270,1581975787273,3267.5538057742783,3240.047244094488
reseller,0.39185329286464166,1,1581975787808,1581975787811,3265.476439790576,3238.0340314136124
reseller,0.9256584180309424,1,1581975787234,1581975787238,3264.9086161879895,3237.5274151436033
reseller,0.5067255714332441,1,1581975788547,1581975788550,3265.90625,3238.5885416666665
reseller,0.11685072469444135,1,1581975788594,1581975788598,3267.007792207792,3239.7506493506494
reseller,0.9230925745491473,1,1581975789906,1581975789910,3264.704663212435,3237.5077720207255
reseller,0.9479830291442719,1,1581975789878,1581975789881,3262.4883720930234,3235.354005167959
reseller,0.5621564297764983,1,1581975789146,1581975789149,3262.1701030927834,3235.09793814433
reseller,0.07461412751020802,1,1581975789371,1581975789374,3261.2750642673523,3234.2647814910024
reseller,0.2512772053364323,1,1581975788052,1581975788056,3263.766666666667,3236.8153846153846
reseller,0.7552383163658966,1,1581975789798,1581975789801,3261.7800511508954,3234.8900255754475
reseller,0.7065039871568201,1,1581975789200,1581975789203,3261.329081632653,3234.5
reseller,0.720457048310659,1,1581975788584,1581975788586,3262.4478371501273,3235.6819338422392
reseller,0.8189373818614993,1,1581975790603,1581975790607,3263.5177664974617,3236.8096446700506
reseller,0.09453875941477086,1,1581975791285,1581975791289,3262.855696202532,3236.205063291139
reseller,0.7135520758073965,1,1581975791879,1581975791882,3260.6969696969695,3234.1060606060605
reseller,0.38770150876727805,1,1581975791787,1581975791790,3258.7808564231736,3232.249370277078
reseller,0.6055004192550072,2,1581975791218,1581975791222,3258.3040201005024,3231.829145728643
reseller,0.6313662438964481,1,1581975790444,1581975790447,3259.7694235588974,3233.3533834586465
reseller,0.8511644588868077,1,1581975791175,1581975791177,3259.4,3233.045
reseller,0.9211094576748972,1,1581975793668,1581975793671,3257.5860349127183,3231.28927680798
reseller,0.3748024613280454,1,1581975793756,1581975793760,3255.5621890547263,3229.320895522388
reseller,0.12254931973017869,1,1581975792015,1581975792018,3258.089330024814,3231.9057071960297
reseller,0.7137390545619717,2,1581975793656,1581975793659,3256.5445544554455,3230.418316831683
reseller,0.8661834829312371,1,1581975793054,1581975793058,3256.4938271604938,3230.4222222222224
reseller,0.7800856648413715,2,1581975793232,1581975793235,3256.0049261083745,3229.9901477832514
reseller,0.6159953029014952,1,1581975793162,1581975793165,3255.6904176904177,3229.7321867321866
reseller,0.4270906868636557,1,1581975792460,1581975792463,3257.098039215686,3231.1960784313724
reseller,0.8249239718875114,1,1581975794371,1581975794375,3258.7481662591686,3232.8997555012224
reseller,0.18618921717013925,1,1581975795813,1581975795817,3256.8731707317074,3231.0780487804877
reseller,0.9096792324878868,1,1581975795096,1581975795099,3256.970802919708,3231.2311435523116
reseller,0.4768150648151588,1,1581975794659,1581975794662,3258.128640776699,3232.4441747572814
reseller,0.8902477676324042,1,1581975795062,1581975795065,3258.3050847457625,3232.6755447941887
reseller,0.17661492735292428,1,1581975795754,1581975795757,3256.809178743961,3231.2342995169083
reseller,0.6833840881097664,1,1581975794238,1581975794241,3258.9734939759037,3233.4530120481927
reseller,0.21160298178799797,2,1581975795476,1581975795480,3258.1514423076924,3232.6826923076924
reseller,0.5932631807949194,1,1581975797445,1581975797449,3257.199040767386,3231.781774580336
reseller,0.8677305393325526,1,1581975797512,1581975797515,3256.093301435407,3230.7296650717703
reseller,0.5506790770153003,2,1581975797845,1581975797848,3254.198090692124,3228.887828162291
reseller,0.15555398661674935,1,1581975796331,1581975796335,3255.9166666666665,3230.657142857143
reseller,0.1260228058770032,1,1581975796805,1581975796809,3256.710213776722,3231.501187648456
reseller,0.18663600322596552,1,1581975796029,1581975796032,3259.3388625592415,3234.1824644549765
reseller,0.3343461458798347,1,1581975797048,1581975797051,3259.54609929078,3234.4420803782505
reseller,0.6242230404495812,1,1581975796374,1581975796378,3261.3419811320755,3236.2877358490564
reseller,0.8151282565887871,1,1581975798211,1581975798214,3263.3105882352943,3238.308235294118
reseller,0.852206681558514,1,1581975799019,1581975799022,3263.3732394366198,3238.4225352112676
reseller,0.06904535511338838,1,1581975799278,1581975799280,3262.8290398126464,3237.9320843091336
reseller,0.7366381262152083,1,1581975798451,1581975798454,3264.2196261682243,3239.373831775701
reseller,0.2587381123438096,1,1581975799896,1581975799900,3262.4405594405594,3237.6433566433566
reseller,0.44647246614020464,1,1581975798703,1581975798707,3263.4441860465117,3238.695348837209
reseller,0.9647362829184076,1,1581975799215,1581975799218,3263.2552204176336,3238.5568445475637
reseller,0.798624954639779,1,1581975798006,1581975798009,3265.865740740741,3241.2175925925926
reseller,0.27603996967022104,1,1581975798718,1581975798721,3266.819861431871,3242.2217090069284
reseller,0.04284291922267103,1,1581975799997,1581975800002,3264.8225806451615,3240.269585253456
reseller,0.928007623002381,1,1581975801624,1581975801626,3263.4689655172415,3238.967816091954
reseller,0.712535341758601,1,1581975800043,1581975800046,3265.7477064220184,3241.295871559633
reseller,0.16853142679547606,1,1581975800590,1581975800594,3266.7643020594965,3242.3592677345537
reseller,0.74701725033391,1,1581975800792,1581975800795,3267.3150684931506,3242.958904109589
reseller,0.4238207623988467,1,1581975801287,1581975801290,3266.73576309795,3242.4282460136674
reseller,0.2984014804563452,1,1581975800630,1581975800633,3267.6522727272727,3243.393181818182
reseller,0.321434952600259,1,1581975801826,1581975801829,3265.8820861678005,3241.671201814059
reseller,0.9758901979381701,1,1581975801243,1581975801246,3265.438914027149,3241.2760180995474
reseller,0.8115561759688728,2,1581975803811,1581975803814,3263.7200902934537,3239.6049661399547
reseller,0.8632325655166594,1,1581975802038,1581975802041,3266.002252252252,3241.9346846846847
reseller,0.850848650008464,1,1581975803129,1581975803132,3266.020224719101,3242.0
reseller,0.5417775558153601,2,1581975803457,1581975803461,3265.3094170403588,3241.3340807174886
reseller,0.4491015721304744,1,1581975802601,1581975802604,3266.51677852349,3242.5883668903803
reseller,0.2941999254587516,1,1581975803204,1581975803208,3266.3727678571427,3242.488839285714
reseller,0.5950766682508202,2,1581975803803,1581975803807,3264.8975501113587,3241.0579064587973
reseller,0.8333861018835598,1,1581975804140,1581975804143,3267.12,3243.326666666667
reseller,0.9606565172237146,1,1581975804399,1581975804402,3268.758314855876,3245.011086474501
reseller,0.3135939490861246,1,1581975804874,1581975804877,3269.3384955752213,3245.637168141593
reseller,0.6994710018485126,1,1581975804194,1581975804198,3271.417218543046,3247.7593818984546
reseller,0.5514931111845242,1,1581975805622,1581975805625,3270.34140969163,3246.7290748898677
reseller,0.8113976555928538,1,1581975804945,1581975804948,3270.764835164835,3247.197802197802
reseller,0.3500967505884357,1,1581975805971,1581975805974,3268.936403508772,3245.4144736842104
reseller,0.614618987909932,2,1581975805263,1581975805266,3268.665207877462,3245.1881838074396
reseller,0.5417253606220319,1,1581975805514,1581975805517,3267.8471615720523,3244.414847161572
reseller,0.3866764202218673,1,1581975806071,1581975806074,3269.7429193899784,3246.3551198257082
reseller,0.1855887068480626,1,1581975807289,1581975807292,3268.9847826086957,3245.641304347826
reseller,0.6077008713956525,1,1581975807790,1581975807792,3267.1431670281995,3243.8459869848157
reseller,0.8916346906264457,2,1581975807259,1581975807262,3266.4588744588746,3243.2056277056276
reseller,0.21774667294902428,1,1581975806144,1581975806147,3268.185745140389,3244.976241900648
reseller,0.21611860203012756,1,1581975806653,1581975806656,3268.8081896551726,3245.6422413793102
reseller,0.8433094406150242,1,1581975806537,1581975806541,3269.6989247311826,3246.574193548387
reseller,0.6550620958733031,1,1581975807241,1581975807244,3269.077253218884,3245.9957081545062
reseller,0.0037073523828835553,1,1581975807938,1581975807941,3266.96573875803,3243.927194860814
reseller,0.9384627897987571,1,1581975808621,1581975808625,3268.087606837607,3245.0897435897436
reseller,0.6685061417979269,1,1581975808044,1581975808047,3270.4349680170576,3247.4797441364603
reseller,0.5894629261270193,1,1581975808954,1581975808958,3270.836170212766,3247.9212765957445
reseller,0.1973106848197178,1,1581975808477,1581975808480,3272.248407643312,3249.375796178344
reseller,0.43403523848641756,1,1581975809586,1581975809590,3271.3050847457625,3248.4724576271187
reseller,0.4952038046146061,1,1581975809186,1581975809189,3271.211416490486,3248.4207188160676
reseller,0.39595081112239805,1,1581975808385,1581975808389,3272.831223628692,3250.0801687763715
reseller,0.5147184953273816,1,1581975809768,1581975809772,3271.5326315789475,3248.821052631579
reseller,0.4035808716394519,1,1581975809265,1581975809269,3271.296218487395,3248.623949579832
reseller,0.8727879993111741,1,1581975811213,1581975811216,3270.7316561844864,3248.1006289308175
reseller,0.8913548139050278,1,1581975811782,1581975811784,3268.979079497908,3246.3912133891213
reseller,0.5875021394355638,3,1581975811897,1581975811900,3266.9937369519835,3244.446764091858
reseller,0.00442123967606467,1,1581975811410,1581975811414,3266.03125,3243.522916666667
reseller,0.21506877115755985,1,1581975810341,1581975810345,3267.295218295218,3244.8253638253636
reseller,0.7190831921531439,1,1581975810007,1581975810010,3269.246887966805,3246.817427385892
reseller,0.20307232258269692,1,1581975810989,1581975810992,3269.1573498964804,3246.768115942029
reseller,0.1257475643923499,1,1581975810668,1581975810671,3269.754132231405,3247.404958677686
reseller,0.037941407285955187,1,1581975811512,1581975811516,3268.6082474226805,3246.2969072164947
reseller,0.31355457736573944,1,1581975813124,1581975813130,3268.248971193416,3245.971193415638
reseller,0.3112026630524431,2,1581975813705,1581975813708,3266.6981519507185,3244.4599589322384
reseller,0.6091978935768788,1,1581975813435,1581975813439,3265.7069672131147,3243.5061475409834
reseller,0.141622237704651,1,1581975812143,1581975812145,3267.3619631901843,3245.20245398773
reseller,0.5484939690102226,1,1581975813239,1581975813243,3266.773469387755,3244.6510204081633
reseller,0.615099824430217,1,1581975812587,1581975812591,3267.537678207739,3245.4521384928717
reseller,0.7320949487213039,1,1581975812795,1581975812798,3267.8760162601625,3245.829268292683
reseller,0.15925509484712747,2,1581975814901,1581975814904,3267.8012170385396,3245.793103448276
reseller,0.7964828111117082,2,1581975815436,1581975815440,3266.6437246963565,3244.672064777328
reseller,0.8426966111345172,1,1581975815615,1581975815618,3265.3070707070706,3243.373737373737
reseller,0.862238579314679,1,1581975814795,1581975814798,3265.6290322580644,3243.733870967742
reseller,0.09546517241766905,1,1581975815061,1581975815064,3265.4144869215293,3243.557344064386
reseller,0.8092986166939604,1,1581975815733,1581975815737,3263.8534136546186,3242.0321285140562
reseller,0.6367196200018821,1,1581975814375,1581975814378,3265.0200400801605,3243.236472945892
reseller,0.06153128394265839,1,1581975817051,1581975817054,3264.834,3243.088
reseller,0.5111655702541573,1,1581975816026,1581975816029,3266.694610778443,3244.986027944112
reseller,0.38638945259413726,1,1581975816875,1581975816878,3266.8565737051795,3245.1852589641435
reseller,0.6233699540720814,1,1581975816219,1581975816221,3268.3220675944335,3246.68986083499
reseller,0.36987079578682047,1,1581975817365,1581975817368,3267.5079365079364,3245.9126984126983
reseller,0.7534789218138779,2,1581975817660,1581975817663,3266.1148514851484,3244.5564356435643
reseller,0.5128694534598099,1,1581975817575,1581975817578,3264.895256916996,3243.3735177865615
reseller,0.651629347382907,1,1581975816611,1581975816614,3265.6015779092704,3244.1163708086783
reseller,0.4313638506002694,1,1581975819852,1581975819854,3263.8681102362207,3242.4212598425197
reseller,0.06989542405418958,1,1581975818659,1581975818662,3264.4872298624755,3243.0766208251475
reseller,0.7259102614809564,1,1581975819769,1581975819774,3262.927450980392,3241.549019607843
reseller,0.7653098685157383,2,1581975819666,1581975819669,3261.747553816047,3240.4050880626223
reseller,0.5466637108784074,1,1581975819035,1581975819038,3261.8046875,3240.498046875
reseller,0.6330939152947923,1,1581975818092,1581975818095,3263.7017543859647,3242.430799220273
reseller,0.9084246409016429,1,1581975818395,1581975818399,3265.001945525292,3243.7645914396885
reseller,0.6815700919367469,1,1581975819122,1581975819125,3264.885436893204,3243.6834951456312
reseller,0.9364340010439858,1,1581975819075,1581975819078,3264.860465116279,3243.6937984496126
reseller,0.6762892971583743,1,1581975820698,1581975820702,3265.3965183752416,3244.2630560928433
reseller,0.04852097409977618,1,1581975821943,1581975821947,3263.6988416988415,3242.5984555984555
reseller,0.16296589247284932,1,1581975820332,1581975820335,3265.111753371869,3244.0462427745665
reseller,0.8982676449217284,1,1581975821504,1581975821508,3264.2653846153844,3243.232692307692
reseller,0.16198415430592406,1,1581975821144,1581975821147,3264.1132437619963,3243.115163147793
reseller,0.44388273961987945,2,1581975821630,1581975821633,3263.030651340996,3242.067049808429
r